set dateformat YMD

insert into ClientiInregistrati(codCard, nume)
    values(1, 'Andrei')
insert into ClientiInregistrati(codCard, nume)
    values(2, 'Mihai')
insert into ClientiInregistrati(codCard, nume)
    values(3, 'Ioana')
insert into ClientiInregistrati(codCard, nume)
    values(4, 'Elena')

insert into Carusele(denumire)
    values('Twister')
insert into Carusele(denumire)
    values('Merry-go-round')
insert into Carusele(denumire)
    values('Horror ride')
insert into Carusele(denumire)
    values('Rock n Roller')

insert into Parcuri(denumire, locatie)
    values('Disneyland', 'Paris')
insert into Parcuri(denumire, locatie)
    values('Disneyland', 'Tokyo')
insert into Parcuri(denumire, locatie)
    values('Terra Park', 'Bucuresti')

insert into Bilete(denumireParc, locatieParc, denumireCarusel, pretBilet)
    values('Disneyland', 'Paris', 'Twister', 10)
insert into Bilete(denumireParc, locatieParc, denumireCarusel, pretBilet)
    values('Disneyland', 'Paris', 'Merry-go-round', 5)
insert into Bilete(denumireParc, locatieParc, denumireCarusel, pretBilet)
    values('Disneyland', 'Paris', 'Rock n roller', 20)
insert into Bilete(denumireParc, locatieParc, denumireCarusel, pretBilet)
    values('Disneyland', 'Tokyo', 'Merry-go-round', 7)
insert into Bilete(denumireParc, locatieParc, denumireCarusel, pretBilet)
    values('Disneyland', 'Tokyo', 'Rock n roller', 25)
insert into Bilete(denumireParc, locatieParc, denumireCarusel, pretBilet)
    values('Terra Park', 'Bucuresti', 'Merry-go-round', 4)
insert into Bilete(denumireParc, locatieParc, denumireCarusel, pretBilet)
    values('Terra Park', 'Bucuresti', 'Twister', 12)

insert into BileteVandute(codVanzare, denumireParc, locatieParc, denumireCarusel, oraVanzarii, dataVanzarii)
    values(1, 'Disneyland', 'Paris', 'Merry-go-round', '12:00:00', '2012-11-04')
insert into BileteVandute(codVanzare, denumireParc, locatieParc, denumireCarusel, oraVanzarii, dataVanzarii)
    values(2, 'Disneyland', 'Paris', 'Merry-go-round', '12:01:00', '2012-11-04')
insert into BileteVandute(codVanzare, denumireParc, locatieParc, denumireCarusel, oraVanzarii, dataVanzarii)
    values(3, 'Disneyland', 'Paris', 'Merry-go-round', '12:02:00', '2012-11-04')
insert into BileteVandute(codVanzare, denumireParc, locatieParc, denumireCarusel, oraVanzarii, dataVanzarii)
    values(4, 'Disneyland', 'Paris', 'Twister', '13:02:00', '2011-12-24')
insert into BileteVandute(codVanzare, denumireParc, locatieParc, denumireCarusel, oraVanzarii, dataVanzarii)
    values(5, 'Disneyland', 'Paris', 'Twister', '16:02:00', '2011-03-12')
insert into BileteVandute(codVanzare, denumireParc, locatieParc, denumireCarusel, oraVanzarii, dataVanzarii)
    values(6, 'Disneyland', 'Tokyo', 'Rock n roller', '10:01:00', '2012-07-04')
insert into BileteVandute(codVanzare, denumireParc, locatieParc, denumireCarusel, oraVanzarii, dataVanzarii)
    values(7, 'Disneyland', 'Tokyo', 'Merry-go-round', '16:52:00', '2012-09-04')
insert into BileteVandute(codVanzare, denumireParc, locatieParc, denumireCarusel, oraVanzarii, dataVanzarii)
    values(8, 'Terra Park', 'Bucuresti', 'Merry-go-round', '8:05:00', '2012-11-01')
insert into BileteVandute(codVanzare, denumireParc, locatieParc, denumireCarusel, oraVanzarii, dataVanzarii)
    values(9, 'Terra Park', 'Bucuresti', 'Twister', '16:52:00', '2012-10-01')

insert into BileteCumparate(codBiletVandut, codCard)
    values(1, 1)
insert into BileteCumparate(codBiletVandut, codCard)
    values(2, 2)
insert into BileteCumparate(codBiletVandut, codCard)
    values(3, 1)
insert into BileteCumparate(codBiletVandut, codCard)
    values(4, 4)
insert into BileteCumparate(codBiletVandut, codCard)
    values(5, 3)
insert into BileteCumparate(codBiletVandut, codCard)
    values(6, 2)
insert into BileteCumparate(codBiletVandut, codCard)
    values(7, 4)
insert into BileteCumparate(codBiletVandut, codCard)
    values(8, 3)
insert into BileteCumparate(codBiletVandut, codCard)
    values(9, 2)

select * from ClientiInregistrati
select * from Carusele
select * from Parcuri
select * from Bilete
select * from BileteVandute
select * from BileteCumparate
select * from Discounturi
